A1,rājayogam,yogināṃ,yogopadiśyate,rājayogam,ajānatām,kṣamākaraḥ,svātmārāmo,ādināthādi,sāvarā,śuddha,buddhaś ca,pauraṇṭakaḥ,surānandaḥ,siddha,paś cā,pi,carpaṭaḥ,pūrva,dhvaninātho,kākacaṇḍīśvarādayaḥ,ca,tiṇṭinī,tālukā,nāma bodhaś ca,prabhāvataḥ,saṃsāra,śrama,āśramo yaṃ,haṭho mataḥ,jagatām,ādhāra,kamaṭho,haṭhaḥ,viṭapaṃ,yitaṃ,liptamamalaṃ,nirdoṣa,bādhojjhitam,vedikūparacita,eva samabhyaset,pratyāhāraḥ,ṣaḍbhir yogaś,ca naśyati,niścayddhairyāt,jñānāc ca darśanāt,yogaś ca sidhyati,kuryāt tad āsanaṃ,tasmād,pāṭavaṃ,kathyante,pādatale ubhe,pracakṣate,'pi,gomukhākṛtam
B1,rājayogam,yoginā,vidyopadiśyate,rājayogam,ajānatām,kṛpākaraḥ,svātmārāmo,ādinātha,śābarā,śuddha,buddhaś ca,pauraṇḍakaḥ,surānandaḥ,siddha,pādaś ca,,carppaṭiḥ,pūrva,dhvaninātho,kākacaṇḍīśvarādayaḥ,ca,ṭiṇṭiṇī,bhālukā,nāgabodhaś ca,prabhāvataḥ,saṃsāra,tāpa,samāśrayo,haṭho mataḥ,jagatām,ādhāraḥ,kamaṭho,haṭhaḥ,pīṭhakāṃ,yataṃ,liptavimalaṃ,niḥśeṣaṃ,jantohiṃtam,vedikūparacitaṃ,evaṃ sadābhyaset,atyāhāra,ṣaḍbhir yogaḥ,vinaśyati,niścayādvairyyāt,jñānāc ca niścalāt,yogaś ca sidhyati,kuryāt tad āsanaṃ,tasmād,pāṭavaṃ,kathyante,pādatalāv ubhau,pracakṣate,'pi,gomukhākṛtiḥ
B2,rājayogam,yoginā,vidyaḥ pradiśyate,rājayogam,ajānatā,kṛpākaraḥ,svātmārāmo,śrīādinātha,śāmbarā,siddho,buddhaś ca,pauraṇḍaṅka,sarānanda,siddha,pādaś ca,,carppaṭiḥ,pūjya,nityanātho,kākacaṇḍīśvaro mayaḥ,ca,ciṃcinīḥ,vāsukī,nāgabodhaś ca,prabhāvataḥ,saṃsāra,tāpa,samāśraya,māṭhe haṭhaḥ,jagatām,ādhāra,kamaṭhe,haṭhaḥ,piṭhikāṃ,yataṃ,liptavimalaṃ,niḥśeṣa,bādhaudditam,vedikūparacitaṃ,evaṃ sadābhyaset,atyāhāraḥ,ṣaḍbhir yogaḥ,vinaśyati,niścayādvairyyāt,jñānārthadarśanāt,yogaḥ prasidhyati,tat kuryād āsana,sthairyam,pāṭavaṃ,kathyante,pādatalāv ubhau,pracakṣate,tu,gomukhaṃ tathā
B3,rājayogam,yoginā,yogopadiśyate,rājayogam,ajānatām,kṛpākaraḥ,svātmārāmo,ādināthādi,śābarā,śuddha,buddhaś ca,pauraṇṭakaḥ,surānandaḥ,siddha,pādaś ca,,carpaṭiḥ,pūrva,dhvaninātho,kākacaṇḍīśvarādayaḥ,ca,ṭhiṇṭhiṇīḥ,bhānukā,nāgabodhaś ca,prabhāvataḥ,saṃsāra,tāpa,āśrayo yaṃ,haṭho mataḥ,jagatām,ādhāraḥ,kamaṭho,haṭhaḥ,puṭakaṃ,yutaṃ,liptavimalaṃ,niḥśeṣa,jantojjhitam,vedikoparacitaṃ,eva sadābhyaset,alpāhāraḥ,ṣaḍbhir yogaḥ,vinaśyati,niścayār dvairyāt,jñātāś ca niścalāt,yogaś ca siddhati,kuryāt tad āsanaṃ,tasmād,pāṭavaṃ,kathyante,pādatale ubhe,pracakṣate,'pi,gomukhākṛtiḥ
C1,rājayogam,dhīmatā,vidyopadiśyate,rājayogam,ajānataḥ,kṛpākaraḥ,svātmārāmo,śrīādinātha,śāradā,yogī,buddhaś ca,{},{},{},{},{},{},pūjya,nityanātho,kākacaṇḍīśvarādayaḥ,ca,ṭiṇṭiṇī,bālukīr,nāgabodhaś ca,prabhāvataḥ,saṃsāra,tāpa,samāśrayo,maṭho haṭhaḥ,yuktānām,ādhāra,kamaṭho,haṭhaḥ,paṭikaṃ,yataṃ,liptavimalaṃ,nirdoṣa,vātodbhidaṃ,vedikūparuciraṃ,eva sadābhyaset,atyāhāraḥ,ṣaḍbhir yogaḥ,vinaśyati,sāhasād dhairyāt,jñānād viniścayāt,yogaḥ prasidhyati,tatkuryād āsanaṃ,sthairyam,lāghavaṃ,vakṣyante,pādatale ubhe,pracakṣate,tu,gomukhaṃ yathā
C2,rājayogam,yoginā,vidyopadiśyate,rājayogam,prajānatāṃ,kṛpākaraḥ,svātmārāmo,ādināthādi,śābarā,śuddha,buddhaś ca,pauraṇṭakaḥ,surānanda,siddha,pādaś ca,,carpaṭiḥ,pūrva,dhvaninātho,kākacaṇḍīśvarādayaḥ,ca,ṭiṇṭiṇīḥ,bhālukī,nāgabodhaś ca,prabhāvataḥ,saṃsāra,tāpa,āśrayo yaṃ,haṭho mataḥ,jagatām,ādhāraḥ,kamaṭho,haraḥ,puṭavūṃ,pataṃ,liptavimalaṃ,niḥśeṣa,jantūjjhitam,vedikūparacitaṃ,eva sadābhyaset,atyāhāraḥ,ṣaḍbhir yogo,vinaśyati,niścayād dhairyāt,jñānāc ca niścayāt,yogaś ca sidhyati,kuryāt tad āsanaṃ,tasmād,paṭavaṃ,kathyante,pādatalāv ubhau,pracakṣate,'pi,gomukhākṛtiḥ
C3,rājayogam,yoginā,yogapradiśyate,rājayogam,ajānatam,nhmākaraḥ,svātmārāmo,ādināthāya,sāgarā,śuddha,buddhaś ca,pauraṃṭaṃka,surānandaḥ,siddha,pādaś ca,,carppaṭī,pūjya,siddhanātho,kākacaṇḍīśvarādayaḥ,ca,ṭiṇṭiṇīḥ,bhālukāṃ,nāgabodhaś ca,prabhāvataḥ,saṃsāra,śrama,āśrayo yaṃ,haṭho mataḥ,yuktānām,ādharaḥ,kamaṭho,haṭhaḥ,piṭapaṃ,pitaṃ,liptamamalaṃ,niḥśeṣa,jantūjjhitam,vedikūparuciraṃ,evaṃ samabhyaset,atyāhāraḥ,ṣaḍbhir yogaḥ,ca naśyati,niścayād dhairyā,jñānāc ca darśanāt,yoga prasidhyati,kuryā tad āsanaṃ,tasmād,pāṭavaṃ,kathyante,pādatale ubhe,prayachate,'pi,gomukhaṃ tathā
C4,rājasaudham,dhīmatā,vidyopadiśyate,rājayogam,ajānataḥ,kṛpāparaḥ,ātmārāmo,śrīādinātha,sāvarā,siddha,buddhaś ca,pauraṇṭakaḥ,surānandaḥ,siddha,pādaś ca,,carpaṭī,pūjya,siddhanātho,kākacaṇḍīśvarādayaḥ,ca,ṭiṇṭiṇiḥ,vālukir,nāgabodhaś ca,prabhāvataḥ,saṃsāra,tāpa,śamāśraya,maṭho haṭhaḥ,yuktānām,ādhāra,kamaṭho,haṭhaḥ,piṭharaṃ,yitaṃ,liptamamalaṃ,niḥśeṣa,jantūjjhitam,vedikoparacitaṃ,eva sadābhyaset,atyāhāraḥ,ṣaḍbhir yogo,vinaśyati,niścayād dhairyāt,jñānād viniścayāt,yogaḥ prasidhyati,kuryāt tad āsanaṃ,sthairyam,lāghavaṃ,vakṣyante,pādatale ubhe,pracakṣate,ca,gomukhaṃ yathā
C4pc,rājasaudham,dhīmatā,vidyopadiśyate,rājayogam,ajānataḥ,kṛpāparaḥ,ātmārāmo,śrīādinātha,sāvarā,śuddha,buddhaś ca,pauraṇṭakaḥ,surānandaḥ,siddha,pādaś ca,,carpaṭi,pūjya,dhvaninātho,kākacaṇḍīśvarādayaḥ,ca,ṭiṇṭiṇiḥ,bhālukir,nāgabodhaś ca,prabhāvataḥ,saṃsāra,śrama,śamāśraya,maṭho haṭhaḥ,jātīnām,ādhāra,kamaṭho,haṭhaḥ,piṭharaṃ,yitaṃ,liptamamalaṃ,niḥśeṣa,bādhojjhitam,vedikūparuciraṃ,eva sadābhyaset,atyāhāraḥ,ṣaḍbhir yogo,vinaśyati,niścayād dhairyāt,jñānād viniścayāt,yogaḥ prasidhyati,kuryāt tad āsanaṃ,sthairyam,lāghavaṃ,vakṣyante,pādatale ubhe,pracakṣate,ca,gomukhaṃ yathā
C6,rājasaudham,yoginā,vidyopadiśyate,rājayogam,ajānatām,kṛpākaraḥ,svātmārāmo,śrīādinātha,śābarā,śuddha,buddhiś ca,koraṇṭakaḥ,surānandaḥ,siddha,pādaś ca,,carpaṭī,pūjya,nityanātho,kākacaṇḍīśvarāhvayaḥ,ca,ṭiṃṭaṇīḥ,bhālukī,nāgadevaś ca,prasādataḥ,aśeṣa,tāpa,śamāśraya,maṭho haṭhaḥ,yuktānām,ādhāra,kamaṭho,haṭhaḥ,paṭikaṃ,yataṃ,liptamamalaṃ,niḥśeṣa,vātojjhitaṃ,vedikūparuciraṃ,eva sadābhyaset,pratyāhāraḥ,ṣaḍbhir yogo,vinaśyati,niyamād dhairyyāt,jñānaviniścayāt,yogaḥ prasidhyati,tat kuryād āsana,sthairyam,lāghavaṃ,kathyante,pādatale ubhe,pracakṣate,'pi,nomukhākṛtiḥ
C7,rājasaudham,dhīmatā,vidyopadiśyate,rājayogam,ajānataḥ,kṛpāparaḥ,svātmārāmo,śrīādinātha,śāradā,siddha,pādaś ca,pauraṇṭakaḥ,surānandaḥ,siddha,pādaś ca,,carpaṭī,pūjya,bilvanātho,kākacaṇḍīśvarādayaḥ,gha,,vālakir,nāgabodhaś ca,prabhāvataḥ,saṃsāra,tāpa,śamāśraya,maṭho haṭhaḥ,jagatām,ādhāra,kamaṭho,haṭhaḥ,piṭhiraṃ,yataṃ,liptavimalaṃ,niḥśeṣa,jantūjjhitam,vedikūparacitaṃ,evaṃ sadābhyaset,atyāhāraḥ,ṣaḍbhir yogo,vinaśyati,sāhasād dhairyāt,jñānād viniścayāt,yogaḥ prasidhyati,kuryāt tad āsanaṃ,tasmād,pāṭavaṃ,vakṣyante,pādatale ubhe,pracakṣate,tu,gomukhaṃ yathā
C8,rājasaudham,yoginā,vidyopadiśyate,rājayogam,ajānatām,kṛpākaraḥ,svātmārāmo,śrīādinātha,śābarā,śuddha,buddhiś ca,pauraṇṭakaḥ,surānandaḥ,siddha,pādaś ca,,carppaṭī,pūjya,bilvanātho,kākacaṇḍīśvarāhvayaḥ,ca,ṭiṇṭiṇī,bhālukī,nāgadevaś ca,prabhāvataḥ,aśeṣa,tāpa,samāśraya,maṭho haṭhaḥ,yuktānām,ādhāra,kamaṭho,haṭhaḥ,viṭapaṃ,yataṃ,liptamamalaṃ,niḥśeṣa,vātojjhitaṃ,vedikūparacanaṃ,eva sadābhyaset,atyāhāra,ṣaḍbhir yogo,vinaśyati,sāhasād dhairyāt,jñānāc ca niścayāt,yogaḥ prasidhyati,tat kuryād āsana,sthairyam,lāghavaṃ,kathyante,pādatale ubhe,pracakṣate,'pi,gomukhākṛti
C8pc,rājasaudham,yoginā,vidyopadiśyate,rājayogam,ajānatām,kṛpākaraḥ,svātmārāmo,śrīādinātha,śābarā,śuddha,buddhiś ca,pauraṇṭakaḥ,surānandaḥ,siddha,pādaś ca,,carppaṭī,pūjya,bilvanātho,kākacaṇḍīśvarāhvayaḥ,ca,ṭiṇṭiṇī,bhālukī,nāgadevaś ca,prabhāvataḥ,aśeṣa,tāpa,samāśraya,maṭho haṭhaḥ,yuktānām,ādhāra,kamaṭho,haṭhaḥ,viṭapaṃ,yataṃ,liptamamalaṃ,niḥśeṣa,vātojjhitaṃ,vedikūparacanaṃ,eva sadābhyaset,atyāhāra,ṣaḍbhir yogo,vinaśyati,sāhasād dhairyāt,jñānāc ca niścayāt,yogaḥ prasidhyati,tat kuryād āsana,sthairyam,lāghavaṃ,kathyante,pādatale ubhe,pracakṣate,'pi,gomukhākṛti
C9,rājayogam,yoginā,yogopadiśyate,rājayogam,ajānatām,kṣamākaraḥ,svātmārāmo,ādināthādi,sāvarā,śuddha,buddhaś ca,pauraṃṭhikaḥ,surānandaḥ,siddha,pādaś ca,,carpaṭi,pūrva,dhvaninātho,kākacaṇḍīśvarādayaḥ,ca,ṭiṇṭiṇī,bhālukā,nāma bodhaś ca,prabhāvataḥ,saṃsāra,śrama,āśrayo yaṃ,haṭho mataḥ,jagatām,ādhāra,kamaṭho,haṭhaḥ,piṭakaṃ,yitaṃ,liptavimalaṃ,nirdoṣa,bādhojjhitam,vedikūparacitaṃ,eva samabhyaset,atyāhāraḥ,ṣaḍbhir yogaś,ca naśyati,niścayād dhairyāt,jñānāc ca darśanāt,yogas tu sidhyati,kuryāt tad āsanaṃ,tasmād,pāṭavaṃ,kathyate,pādatale ubhe,pracakṣate,'pi,gomukhaṃ yathā
C9pc,rājayogam,yoginā,yogopadiśyate,rājayogam,ajānatām,kṣamākaraḥ,svātmārāmo,ādināthādi,sāvarā,śuddha,buddhaś ca,pauraṃṭhikaḥ,surānandaḥ,siddha,pādaś ca,,carpaṭi,pūrva,dhvaninātho,kākacaṇḍīśvarādayaḥ,ca,ṭiṇṭiṇī,bhālukā,nāma bodhaś ca,prabhāvataḥ,saṃsāra,śrama,āśrayo yaṃ,haṭho mataḥ,jagatām,ādhāra,kamaṭho,haṭhaḥ,piṭakaṃ,yitaṃ,liptavimalaṃ,nirdoṣa,bādhojjhitam,vedikūparacitaṃ,eva samabhyaset,atyāhāraḥ,ṣaḍbhir yogaś,ca naśyati,niścayād dhairyāt,jñānāc ca darśanāt,yogas tu sidhyati,kuryāt tad āsanaṃ,tasmād,pāṭavaṃ,kathyate,pādatale ubhe,pracakṣate,'pi,gomukhaṃ yathā
G1,rā+yogān,yoginā,yogopadiśyate,rājamārgam,ajāyata,kṛpākaraḥ,svātmārāmo,ānāthanātha,śābarā,si+,buddhiś ca,yoraṇ++,+sānanda,siddha,pādaś ca,,sarvadā,pūjya,nityanātho,kākacaṇḍīścarālayaḥ,pi,caṇḍilaḥ,bālākī,nāgabhogaś ca,prabhāvataḥ,saṃsāra,tāpa,samāśraya,maṭho haraḥ,tantrāṇām,ādhāra,kahaṭho,maṭhaḥ,madhikaṃ,yataṃ,liptamamalaṃ,niśśeṣa,bodhātmakaṃ,vedi+paruciraṃ,eva sadābhyaset,atyāhāraḥ,ṣaṭ ca yogaṃ,vinaśyati,nicchā+dhairyaṃ,jñānātma++nam,yoge prasiddhyati,tat kuryād āsana,sthairyam,pādapaṃ,kathyante,pādatale ubhe,pracakṣate,ca,gomukhaṃ tadā
G2,{},yoginā,yogaḥ prakāśyate,rājayogam,ajānatām,kṛpākaraḥ,svātmārāmo,ādināthasya,śarā,buddhas,siddhaś ca,ghoraṃṭakaḥ,sadānandaḥ,siddha,pādaś ca,,parpaṭi,pūjya,nityanātho,kākacaṇḍīśvarogayaḥ,pi,caṇḍilaḥ,vālakin,nākabhodhaś ca,prabhāvataḥ,saṃsārā,tapa,samāśraya,maṭho haraḥ,jagatām,ādhāra,kamaṭho,haṭhaḥ,viṭakaṃ,makaṃ,liptamamalaṃ,niśśeṣa,jantūjjhitam,vedikāndumayutaṃ,eva sadābhyaset,atyāhārāt,ṣaḍbhir yogo,vinaśyati,bhiś ca yā dhairyāt,jñānātmadarśa+t,yogaḥ prasidhyati,tat kuryād āsana,sthairyam,pāṭavaṃ,kathyante,pādatale ubhe,pracakṣate,'pi,gomukhaṃ yathā
G3,rājasaudham,yoginā,vidyopadiśyate,rājamārgam,ajānatām,kṛpākaraḥ,svātmārāmo,śrīādinātho,cāparā,siddha,buddhaś ca,goraṃṭaka,sphurānando,viddha,pādaś ca,,sañcaṭī,pūjya,nityanātho,kākaḍaṇḍīśvaro gataḥ,ca,ṭhiṇṭiṇī,bālukī,nāgabodhī ca,prabhāvataḥ,saṃsāra,tāpa,samāśraya,maṭho haṭhaḥ,jagatām,ādhāra,kamaṭho,haṭhaḥ,paṭakaṃ,yataṃ,liptavimalaṃ,niśśeṣa,bādhānvitam,vedikūparuciraṃ,eva sadābhyaset,atyāhāraḥ,ṣaḍbhir yogo,vinaśyati,niścayā dhairyāt,ṣātmatvadarśanāt,yogaḥ prasidhyati,tat kuryād āsanāt,sthairyāt,pāṭavaṃ,vakṣyante,pādatale ubhe,pracakṣate,'pi,gomukhaṃ yathā
J1,rājayogam,dhīmatā,vidyopadiśyate,rājayogam,ajānatam,kṛpākaraḥ,ātmārāmo,śrīādinātha,śābarā,siddhi,buddhiś ca,pauraṇṭakaḥ,surānandaḥ,siddhi,pādaś ca,,carpaṭi,pūjya,nityanātho,kākacaṇḍīśvarādayaḥ,ca,ṭiṇṭiṇiḥ,bhālukā,nālabodhaś ca,prabhāvataḥ,saṃsāra,tapi,samāśraya,maho haṭhaḥ,jagatām,ādhāra,kamaṭho,haṭhaḥ,viṭapaṃ,yitaṃ,{},{},{},{},evaṃ sadābhyaset,abhyāhāraḥ,ṣaḍbhir yogo,vinaśyati,sāhasād vairyāt,jñānādiniścayāt,yogaḥ prasidhyati,tatkuryād āsanaṃ,sthairyam,pāṭavaṃ,kathyante,pādatale ubhe,pravakṣyate,tu,gomukhaṃ yathā
J10,rājayogam,yoginā,yogoyadiśyate,rājayogam,ajānatām,kṣamākaraḥ,svātmārāmo,ādināthādi,śābarā,śuddha,buddhaś ca,pauraṇṭakaḥ,surānandaḥ,siddha,pādaś ca,,carpaṭiḥ,pūrva,dhvaninātho,kākacaṇḍīśvarādayaḥ,ca,ṭiṇṭiṇī,bhālukī,nāgabodhaś ca,prabhāvataḥ,saṃsāra,śrama,māśrayo yaṃ,haṭho mataḥ,jagatām,ādhārā,kamaṭho,haṭhaḥ,viṭapaṃ,yitaṃ,liptamamalaṃ,nirdoṣa,bādhojjhitam,vedikoparacitaṃ,evaṃ samabhyaset,atyāhāraḥ,ṣaḍbhir yogaḥ,ca naśyati,niścayādvairyāt,jñānāc ca darśanāt,yogas tu sidhyati,kuryāt tad āsanaṃ,tasmād,pāṭavaṃ,kathyante,pādatale ubhe,pracakṣate,'pi,gomukhaṃ yathā
J10pc,rājayogam,yoginā,yogoyadiśyate,rājayogam,ajānatām,kṣamākaraḥ,svātmārāmo,ādināthādi,śābarā,śuddha,buddhaś ca,pauraṇṭakaḥ,surānandaḥ,siddha,pādaś ca,,carpaṭiḥ,pūrva,dhvaninātho,kākacaṇḍīśvarādayaḥ,ca,ṭiṇṭiṇī,bhālukī,nāgabodhaś ca,prabhāvataḥ,saṃsāra,śrama,māśrayo yaṃ,haṭho mataḥ,jagatām,ādhārā,kamaṭho,haṭhaḥ,viṭharaṃ,yitaṃ,liptamamalaṃ,nirdoṣa,bādhojjhitam,vedikoparacitaṃ,evaṃ samabhyaset,atyāhāraḥ,ṣaḍbhir yogaḥ,ca naśyati,niścayādvairyāt,jñānāc ca darśanāt,yogas tu sidhyati,kuryāt tad āsanaṃ,tasmād,pāṭavaṃ,kathyante,pādatale ubhe,pracakṣate,'pi,gomukhaṃ yathā
J11,rājasaudham,yoginā,vidyopadiśyate,rājayogam,ajānatām,kṛpākaraḥ,svātmārāmo,śrīādinātha,sāgarā,siddha,buddhiś ca,kauraṇṭakaḥ,surānandaḥ,śrī,pādaś ca,caiva,carpaṭiḥ,pūjya,nisanātho,kākacaṇḍīśvarādayaḥ,ca,ciṃciniḥ,vāsukir,nāgabodhiś ca,prabhāvataḥ,saṃsāra,tāpa,samāśraya,maṭho haṭhaḥ,yuktānām,ādhāra,kamaho,haṭhaḥ,piṭakaṃ,yataṃ,liptavimalaṃ,niḥśeṣa,bādhojjhitam,vedikūparuciraṃ,eva sadābhyaset,atyāhāraḥ,ṣaḍbhir yogo,vinaśyati,niścayād dhairyāt,jñānād viniścayāt,yogaḥ prasidhyati,tat kuryād āsane,sthairyam,pāṭavaṃ,kathyante,pādatale ubhe,pracakṣate,'pi,gomukhākṛtiḥ
J12,rājasaudham,yoginā,yogaḥ pradṛśyate,rājayogam,ajānatām,kṣamākaraḥ,svātmārāmo,ādināthādi,śāmbarā,siddha,budhaś ca,pauraṇḍakaḥ,surānandaḥ,siddha,pādaś ca,,cirpaṭi,pūrva,nityanātho,kākacaṇḍīśvarādayaḥ,ca,tittiṇiḥ,bhālukī,namabādhaś ca,prabhāvataḥ,saṃsāra,śrama,āśrayo yaṃ,haṭho mataḥ,siddhānām,ādhāra,kahaṭho,maṭhaḥ,viṭapaṃ,rpitaṃ,liptamamalaṃ,niḥśeṣa,vātojjhitaṃ,vedikasaracitaṃ,evaṃ sadābhyaset,atyāhāra,ṣaḍbhir yogo,vinaśyati,niścayād dhairyā,jñānāc ca sāhasāt,yogas tu sidhyati,tatkuryād āsanaṃ,sthairyam,pāṭavaṃ,kathyante,pādatale ubhe,pracakṣyate,'pi,gormukhaṃ tathā
J13,rājayogam,yoginā,yogopadiśyate,rājayogam,ajānatām,kṛpākaraḥ,svātmārāmo,śrīādinātha,śābarā,śuddha,buddhaś ca,pauraṇṭakaḥ,surānandaḥ,siddha,pādaś ca,,carppaṭiḥ,pūjya,dhvaninātho,kākacaṇḍīśvarādayaḥ,ca,ṭiṇṭiṇī,bhālukīr,nāgabodhaś ca,prabhāvataḥ,saṃsāra,tāpa,āśrayo yaṃ,haṭho mataḥ,jagatām,ādhāra,kamaṭho,haṭhaḥ,piṭharaṃ,yitaṃ,liptavimalaṃ,niśeṣa,jantūjjhitam,vedikūparacitaṃ,evaṃ sadābhyaset,atyāhāra,ṣaḍbhir yogo,vinaśyati,niścayād dhairyāt,jñānāc ca niścayāt,yogaś ca sidhyati,kuryāt tad āsanaṃ,tasmād,pāṭavaṃ,kathyante,pādatalāv ubhau,pracakṣate,'pi,gomukhākṛti
J14,rājasaudham,yoginā,yogopadiśyate,rājayogam,ajānatām,kṛpākaraḥ,svātmārāmo,śrīādinātha,śāṃvarā,siddhi,buddhaś ca,kauraṇḍakaḥ,surānandaḥ,siddha,pādaś ca,,carppaṭiḥ,pūjya,nityanātho,kākacaṇḍīśvarādayaḥ,ca,ciṃcaṇī,bhālukī,nāgavedhaś ca,prabhāvataḥ,saṃsāra,tāpa,samāśraya,maṭho haṭhaḥ,jagatām,ādhāraḥ,kamaṭho,yathā,viṭapaṃ,yutaṃ,liptavimalaṃ,niḥśeṣa,bodhodgataṃ,vedikūparuciraṃ,eva sadābhyaset,atyāhāraḥ,ṣaḍbhir yogo,vinaśyati,niścayād dhairyāt,jñānārthadarśanāt,yogaḥ prasidhyati,tatkuryād āsanaṃ,sthairyam,lāghavaṃ,kathyante,pādatale ubhe,pracakṣate,'pi,gomukhaṃ yathā
J15,rājayogam,yoginā,yogopadiśyate,rājayogam,ajānatām,kṣamākaraḥ,svātmārāmo,śrīādināthādi,śāgarā,śruddha,buddhaś ca,pauraṇṭakaḥ,surānandaḥ,siddha,pādaś ca,,carpaṭi,pūrva,siddhanātho,kākacaṇḍīśvarādaya,ca,ciṃcaṇi,vāsukir,nāgabodhaś ca,prabhāvataḥ,saṃsāra,śrama,āśrayo yaṃ,haṭho mataḥ,yuktānām,ādhāra,kamaṭho,haṭha,viṭapaṃ,yataṃ,liptamamalaṃ,nirdoṣa,bādhojjhitam,vedikūparuciraṃ,eva samabhyaset,atyāhāraḥ,ṣaḍbhir yogaś,ca naśyati,niścayād dhairyāt,jñānāc ca darśanāt,yogaḥ prasidhyati,kuryāt tad āsanaṃ,tasmād,pāṭavaṃ,kathyante,pādatale ubhe,pracakṣate,'pi,gomukhaṃ yathā
J17,rājayogam,yoginā,vidyopadiśyate,rājayogam,ajānatām,kṣamākaraḥ,svātmārāmo,ādināthādi,śābarā,śuddha,buddhaś ca,pauraṇṭakaḥ,surānandaḥ,siddha,pādaś ca,,carppaṭī,pūrva,dhvaninātho,kākacaṇḍīśvarādayaḥ,ca,ṭiṇṭiṇī,bhālukī,nāgabodhaś ca,prabhāvataḥ,saṃsāra,śrama,āśrayo yaṃ,haṭho mataḥ,juktānām,ādhāraḥ,kamaṭho,haṭha,piṭhakaṃ,pitaṃ,līptam amalaṃ,nirdoṣa,bādhojjhitam,vedikūparacitaṃ,evaṃ samabhyaset,atyāhāraḥ,ṣaḍbhir yogaś,ca naśyati,niścayād dhairyāt,jñānāc ca darśanāt,yogas tu sidhyati,kuryāt tad āsanaṃ,tasmād,pāṭavaṃ,kathyante,pādatale ubhe,pracakṣate,'pi,gaumukhaṃ yathā
J2,rājasaudhām,yoginā,vidyā prakāśayet,rājamārgam,ajānate,niraṃjanaṃ,svātmārāmo,śrīādinātha,sāgarā,sandhi,tudhiś ca,koraṃṭaka,surānanda,siddhi,pādaś ca,,tarpaṭi,pūjya,nityanātho,kālacaṃḍīsvarāhūyaṃ,ca,ciṃciṇī,vāsukī,nāgabodhaś ca,prabhāvata,saṃsāra,tāpa,samīśraya,maho hagaṃ,vijñāna,sarva,siddhi,pradāyakā,puṭitam,vṛtaṃ,liptavimalaṃ,niḥśeṣa,bodhīkṣataṃ,vedikūparacitaṃ,eva samabhyaset,atyāhāra,ṣaḍbhir yoga,praṇaśyati,niściyaudhairya,jñānasya darśanāt,yoga prasiddhati,kuryād āsanaṃ,pūrvam,pāṭavaṃ,kathyante,pādatale ubhe,pracakṣate,'pi,gomukhe yathā
J3,rājasaudha,dhīmatā,vidyopadiśyate,rājayogam,ajānatām,kṛpākaraḥ,ātmārāmo,śrīādinātha,śāradā,siddhi,buddhiś ca,{},{},{},{},{},{},pūjya,nityanātho,kālacaṃḍīsvarādayaḥ,ca,ṭiṇṭiṇī,bhālukir,nāgabodhaś ca,prabhāvataḥ,saṃsāra,tāpa,samāśraya,maṭho haṭhaḥ,jagatām,ādhāra,kamalo,haṭhaḥ,viṭapaṃ,yitaṃ,liptavimalaṃ,niḥśeṣa,jantūjjhitam,vedikūparacitaṃ,eva samabhyaset,atyāhārāt,ṣaḍbhir yogo,vinaśyati,sāhasād vairyāt,jñānāc ca niścayāt,yogaḥ prasidhyati,tatkuryād āsanaṃ,sthairyam,pāṭavaṃ,vakṣyante,pādatale ubhe,pracakṣate,tu,gomukhaṃ yathā
J4,rājasaudham,yoginā,vidyopadiśyate,rājayogam,ajānatam,kṛpākaraḥ,svātmārāmo,śrīādinātha,sāgarā,siddha,buddhaś ca,koraṃtakaḥ,sarānandaḥ,siddha,pādaś ca,,carpaṭiḥ,sarva,nityanātho,kākacaṇḍīśvarāhayaḥ,ca,ciṃviṇī,vāsukir,nāgabodhaś ca,prabhāvataḥ,saṃsāra,tāpa,samāśraya,māṭho haṭhaḥ,yuktānām,ādhāraḥ,kamaṭho,haṭhaḥ,piṭakaṃ,yataṃ,liptavimalaṃ,niḥśeṣa,bādhojjhitam,vedikoparacitaṃ,ātmavaśaṃ nayeta,atyāhāra,ṣaḍbhir yogaḥ,praṇaśyati,niścayādvayāt,jñānāc ca darśanāt,yogaḥ prasidhyati,tatkuryād āsanaṃ,sthairyam,pāṭavaṃ,kathyante,pādāvubhau ṛju,pracakṣate,'pi,gomukhaṃ yathā
J6,rājasaudham,dhīmatā,vidyopadiśyate,rājayogam,ajānatām,kṛpākaraḥ,ātmārāmo,śrīādinātha,śāradā,siddha,buddhiś ca,{},{},{},{},{},{},pūjya,nityanātho,kākacaṇḍīśvarādayaḥ,ca,ṭiṇṭiṇiḥ,bhālukir,nāgabodhaś ca,prabhāvataḥ,saṃsāra,tāpa,samāśraya,maṭho haṭhaḥ,jagatām,ādhāra,kamalo,haṭhaḥ,viṭapaṃ,yataṃ,liptavimalaṃ,niḥśeṣa,jantūjjhitam,vedikūparacitaṃ,eva sadābhyaset,atyāhāra,ṣaḍbhir yogo,vinaśyati,niścayād dhairyāt,jñānād viniścayāt,yogaḥ prasidhyati,tatkuryād āsanaṃ,sthairyam,pāṭavaṃ,vakṣyante,pādatale ubhe,pracakṣate,tu,gomukhaṃ yathā
J6pc,rājasaudham,dhīmatā,vidyopadiśyate,rājayogam,ajānatām,kṛpākaraḥ,ātmārāmo,śrīādinātha,śāradā,siddha,buddhiś ca,{},{},{},{},{},{},pūjya,nityanātho,kākacaṇḍīśvarogajaḥ,ca,ṭiṇṭiṇiḥ,bhālukir,nāgabodhaś ca,prabhāvataḥ,saṃsāra,tāpa,samāśraya,maṭho haṭhaḥ,jālānām,ādhāra,kamalo,haṭhaḥ,viṭapaṃ,yitaṃ,liptavimalaṃ,niḥśeṣa,jantūjjhitam,vedikūparacitaṃ,eva sadābhyaset,atyāhārāt,ṣaḍbhir yogo,vinaśyati,sāhasād dhairyāt,jñānāc ca niścayāt,yogas tu sidhyati,tat kuryād āsana,sthairyam,lāghavaṃ,vakṣyante,pādatale ubhe,pracakṣate,tu,gomukhaṃ yathā
J8,rājayogam,yoginā,vidyopadiśyate,rājayogam,ajānatām,prakāśyate,svātmārāmo,śrīādinātha,śāgarā,siddha,budhiś ca,poraṃṭakaḥ,surānanda,siddha,pādaś ca,,carpaṭi,pūjya,nityaṃnātho,kākacaṇḍīśvarādayaḥ,ca,ciṃciṇī,vāsukir,nāgabodhaś ca,prasādataḥ,saṃsāra,śrama,āśrayo yaṃ,haṭho mataḥ,yuktānām,ādhāra,kamaṭho,haṭhaḥ,viṭapaṃ,yataṃ,liptavimalaṃ,niśeṣa,bādhojjhitam,vedikūparuciraṃ,mārgaṃ samaṃbhyaset,ātmāhāra,ṣaḍbhir yogo,vinaśyati,niścayād dhairyā,jñānā ca darśanāt,yoga prasidhyati,tat kuryād āsana,sthairyam,pāṭavaṃ,kathyante,pādatale ubhe,pracakṣate,'pi,gomukhaṃ tathā
J8pc,rājayogam,yoginā,vidyopadiśyate,rājayogam,ajānatām,prakāśyate,svātmārāmo,śrīādinātha,śāgarā,siddha,budhiś ca,pauraṭaṃkaḥ,surānanda,siddha,pādaś ca,,carppaṭiḥ,pūjya,nityaṃnātho,kākacaṇḍīśvarādayaḥ,ca,ṭiṇṭiṇī,vāsukir,nāgabodhaś ca,prasādataḥ,saṃsāra,śrama,āśrayo yaṃ,haṭho mataḥ,yuktānām,ādhāraḥ,kamaṭho,haṭhaḥ,viṭapaṃ,yataṃ,liptavimalaṃ,niśeṣa,bādhojjhitam,vedikūparuciraṃ,mārgaṃ samaṃbhyaset,ātmāhāra,ṣaḍbhir yogo,vinaśyati,niścayād dhairyā,jñānā ca darśanāt,yoga prasidhyati,tat kuryād āsana,sthairyam,pāṭavaṃ,kathyante,pādatale ubhe,pracakṣate,'pi,gomukhaṃ tathā
L1,rājasaudham,dhīmatā,vidyopadiśyate,rājayogam,ajānataḥ,kṛpākaraḥ,ātmārāmo,śrīādinātha,śāradā,siddha,buddhaś ca,{},{},{},{},{},{},pūjya,bilvanātho,kākacaṇḍīśvarādayaḥ,gha,ṭiṇṭhiṇiḥ,bālukīr,nāgabodhaś ca,prabhāvataḥ,saṃsāra,tāpa,śamāśraya,maṭho haṭhaḥ,jagatām,ādhārai,kamaṭho,haṭhaḥ,piṭharaṃ,yitaṃ,liptavimalaṃ,niḥśeṣa,jantūjjhitam,vedikūparacitaṃ,eva sadābhyaset,atyāhāraḥ,ṣaḍbhir yogo,vinaśyati,sāhasād dhairyāt,jñānād viniścayāt,yogaḥ prasidhyati,tatkuryād āsanaṃ,sthairyam,lāghavaṃ,vakṣyante,pādatale ubhe,pracakṣate,ca,gomukhaṃ yathā
M1,rājasaudham,yoginā,vidyopadiśyate,rājamārgam,ajānatām,kṛpākaraḥ,svātmārāmo,śrīādinātha,śābarā,siddha,buddhaś ca,ghoraṃṭakaḥ,surānandaḥ,siddha,pādaś ca,,parpaṭiḥ,pūjya,nityanātho,kākacaṃteśvaro mayaḥ,ca,ṭiṭṭibhaḥ,bālukīr,nāma bhojaś ca,prasādataḥ,saṃsāra,tāpa,samāśraya,maṭho haṭhaḥ,jagatām,ādhāra,kamaṭho,haṭhaḥ,piṭharaṃ,yataṃ,liptamamalaṃ,niḥśeṣa,jantūtthitaṃ,vedikoparuciraṃ,eva sadābhyaset,atyāhāraḥ,ṣaḍbhir yogo,vinaśyati,niścayād dhairyāt,jñānāc ca darśanāt,yogaḥ prasidhyati,tat kuryād āsane,sthairyam,pāṭavaṃ,kathyante,pādatale ubhe,pracakṣate,'pi,gomukhaṃ yathā
N1,rājayogam,yoginā,yogopadiśyate,rājayogam,ajānatām,kṛpākaraḥ,svātmārāmo,ādināthādi,śābarā,śuddha,buddhaś ca,pauraṇḍakaḥ,surānandaḥ,siddha,pādaś ca,,carpaṭiḥ,pūjya,dhaninātho,kākacaṇḍīśvarādayaḥ,ca,ṭiṇṭhiṇīḥ,bhāluko,nāgabodhaś ca,prabhāvataḥ,saṃsāra,tāpa,āścaryo yaṃ,haṭho mataḥ,jagatīm,ādhāra,kamaṭho,haṭhaḥ,pīṭhaṃ,yataṃ,liptavimalaṃ,niḥśeṣa,vātār*n*ītaṃ,veviracitaṃ,eva sadābhyaset,atyāhāraḥ,ṣaḍbhir yogaḥ,praṇaśyati,niścayoddhairyāt,jñānāc ca niścalāt,yogaś ca siddhati,kuryāt tad āsanaṃ,tasmād,pāṭavaṃ,kathyante,pādatale ubhe,pracakṣate,'pi,gomukhākṛtiḥ
N10,rājayogam,yoginā,yogaḥ pradṛśyate,rājayogam,ajānatām,kṣamākaraḥ,svātmārāmo,ādināthādi,śāṃvarā,śuddha,buddhaś ca,pauraṇḍakaḥ,surānandaḥ,siddha,pādaś ca,,carpaṭiḥ,pūrva,dhvaninātho,kākacaṇḍīśvarādayaḥ,ca,ṭiṇṭiṇiḥ,bhālukī,nāma bodhaś ca,prabhāvataḥ,saṃsāra,śrama,āśrayo yaṃ,haṭho mataḥ,jatām,ādhāra,kamaṭho,haṭhaḥ,viṭapa,rpitaṃ,liptamamalaṃ,nirdoṣa,bādhojjhitam,vedikūparacitaṃ,evaṃ samabhyaset,atyāhāraḥ,ḍbhir yogo,vinaśyati,niścayād dhairyāt,jñānāc ca darśanāt,yogas tu sidhyati,kuryāt tad āsanaṃ,tasmād,pāṭavaṃ,kathyante,pādatale ubhe,pracakṣyate,'pi,gīrmukhaṃ tathā
N11,rājasaudham,dhīmatā,vidyopadiśyate,rājayogam,ajānatām,kṛpākaraḥ,ātmārāmo,śrīādinātha,śāradā,siddha,buddhaś ca,{},{},{},{},{},{},pūjya,nityanātho,kākacaṇḍīśvarogajaḥ,ca,carpaṭaḥ,bhālukir,nāgabodhaś ca,prabhāvataḥ,saṃsāra,tāpa,samāśraya,maṭho haṭhaḥ,jālānām,ādhāra,kamaṭho,haṭhaḥ,piṭharaṃ,yitaṃ,liptavimalaṃ,niḥśeṣa,jantūjjhitam,vedikūparacitaṃ,eva samabhyaset,atyāhāra,ṣaḍbhir yogo,vinaśyati,sāhasād dhairyāt,jñānāc ca niścayāt,yogas tu sidhyati,tat kuryād āsana,sthairyam,lāghavaṃ,vakṣyante,pādatale ubhe,pracakṣate,ca,gomukhaṃ yathā
N12,rājasaudham,yoginā,vidyopadiśyate,rājamārgam,ajānatām,kṛpākaraḥ,svātmārāmo,śrīādinātha,śāradā,siddha,buddhaś ca,kauraṃṭaka,surānanda,siddha,pādaś ca,,carpaṭiḥ,pūjya,nityanātho,kākacaṇḍīśvaro mayaḥ,ca,ciṃciṇī,bhālukī,nāgavādhiś ca,prasādataḥ,saṃsāra,tāpa,samāśraya,maṭho haṭhaḥ,vijñānaḥ,sarva,siddhi,pradāyakaḥ,puṭitaṃ,yataṃ,lepavimalaṃ,niḥśeṣa,vodhotsitaṃ,vedikūparuciraṃ,eva sadābhyaset,atyāhāraḥ,ṣaḍbhir yogo,vinaśyati,niścayād dhairyāt,jñānāc ca darśanāt,yogaḥ prasidhyati,tatkuryād āsanaṃ,sthairyam,pāṭavaṃ,kathyante,pādatale ubhe,pracakṣyate,tu,gomukhākṛtiḥ
N13,rājayogam,yoginā,vidyopadiśyate,rājayogam,ajānatām,kṛpākaraḥ,svātmārāmo,śrīādinātha,śābarā,śuddha,buddhaś ca,koraṇṭakaḥ,surānandaḥ,siddha,pādaś ca,,carpaṭiḥ,pūjya,nityanātho,kākacaṇḍīśvarāhvayaḥ,ca,ṭiṇṭiṇiḥ,bhālukī,nāgadevaś ca,prabhāvataḥ,aśeṣa,tāpa,samāśraya,maṭho haṭhaḥ,yuktānām,ādhāra,kamaṭho,haṭhaḥ,vivaraṃ,yataṃ,liptamamalaṃ,niḥśeṣa,jantūjjhitam,vedikūparuciraṃ,eva samabhyaset,atyāhāraḥ,ṣaḍbhir yogo,vinaśyati,sāhasād dhairyāt,jñānāc ca niścayāt,yogaḥ prasidhyati,kuryāt tad āsanaṃ,sthairyam,lāghavaṃ,kathyante,pādatale ubhe,pracakṣate,'pi,gomukhākṛti
N16,rājasaidhaṃm,dhīmatā,vidyopadiśyate,rājayogam,ajānataḥ,kṛpākaraḥ,ātmārāme,śrīādinātha,śāradā,siddhi,buddhiś ca,kauraṇṭakaḥ,surānandaḥ,siddhi,pādaś ca,,carpaṭiḥ,pūjya,nityanātho,kākacaṃndrīśvarādayaḥ,ca,ṭiṇṭiṇiḥ,vāsukir,nāgabodhaś ca,prabhāvataḥ,saṃsāra,tāpa,samāśraya,maho haṭha,jagatām,ādhāra,kamaṭho,haṭhaḥ,viṭapaṃ,yitaṃ,liptavimalaṃ,niḥśeṣa,jantūjjhitam,vedikūparacitaṃ,eva sadābhyaset,pratyāhāraḥ,ṣaḍbhir yogo,vinaśyati,niścayād dhairyā,jñānād viniścayāt,yogaḥ prasidhyati,tat kuryād āsana,sthairyam,pāṭavaṃ,vakṣyante,pādatale ubhe,pracakṣate,tu,gomukhaṃ viduḥ
N17,rājayogam,yoginā,yogo pradiśyate,rājayogam,ajānatām,kṣamākaraḥ,svātmārāmo,ādināthādi,śābarā,śuddha,buddhaś ca,pauraṇṭakaḥ,surānandaḥ,siddha,pādaś ca,,carppaṭiḥ,pūjya,dhvaninātho,kākacaṇḍīśvarādayaḥ,ca,ṭiṇṭiṇī,bhālukī,nāgabodhaś ca,prabhāvataḥ,saṃsāra,śrama,āśrayo yaṃ,haṭho mataḥ,jagatām,ādhāraḥ,kama,haṭhaḥ,piṭharaṃ,yutaṃ,liptamamalaṃ,niḥśeṣa,bādhojjhitam,vedikūparacitaṃ,evaṃ samaṃbhyaset,atyāhāraḥ,ṣaḍbhir yogaś,ca naśyati,niścayādvairyāt,jñānāc ca darśanāt,yogaṃś ca sidhyati,kuryāt tad āsanaṃ,tasmād,lāghavaṃ,katthyente,pādatale ubhe,pracakṣate,'pi,gomukhaṃ tathā
N19,rājasaudham,yoginā,yogopadiśyate,rājayogam,vijānatā,kṛpākaraḥ,svātmārāmo,śrīādinātha,śāmbarā,siddho,buddhaś ca,pauraṇṭakaḥ,surānandaḥ,siddha,pādaś ca,,carpaṭiḥ,pūjya,nityanātho,kākacaṇḍīśvaro mayaḥ,ca,ṭiṇṭiṇī,bhālukī,nāgabodhaś ca,prabhāvataḥ,saṃsāra,tāpa,samāśraya,maṭho haṭhaḥ,jagatām,ptādhāraḥ,kamaṭho,haṭhaḥ,piṭikāṃ,yataṃ,liptavimalaṃ,niḥśeṣa,bādhojgataṃ,vedikaparuciraṃ,evam ahābhyaset,atyāhāra,ṣaḍbhir yogo,vinaśyati,viścalaṃ dhairyyaṃ,jñānānudarśitaṃ,yogaḥ prasidhyati,tatkuryād āsanaṃ,dhairyyaṃ,pāṭavaṃ,kathyante,pādatale ubhe,pracakṣyate,'pi,gomukhaṃ yathā
N2,rājasaudham,yoginā,yogopadiśyate,rājayogam,ajānatām,kṛpākaraḥ,svātmārāmo,śrīādinātha,śāṃvarā,siddhi,buddhaś ca,koraṇṭīkaḥ,surānanda,siddha,pādaś ca,,carppaṭiḥ,pūjya,nityanātho,kākacaṇḍīśvarādayaḥ,ca,ṭiṭiṇī,vālakī,nāgabodhaś ca,prabhāvataḥ,saṃsāra,tāpa,samāśraya,mato haṭhaḥ,jagatām,ādhāraḥ,kamaṭho,haṭhaḥ,viṭapaṃ,yutaṃ,liptavimalaṃ,niḥśeṣa,vāt dhā*dg*ataṃ,vedikūparuciraṃ,eva sadābhyaset,atyāhāra,ṣaḍbhir yogaḥ,praṇaśyati,niścayād dhairyāt,jñānārthadarśanāt,yogaḥ prasidhyati,tatkuryād āsanaṃ,sthairyam,pāṭavaṃ,kathyante,pādatale ubhe,pracakṣate,'pi,gomukhaṃ yathā
N20,rājayogam,yoginā,vidyopadiśyate,rājayogam,ajānatām,kṛpākaraḥ,svātmārāmo,śrīādinātha,sāgarā,viddha,buddhiś ca,paura...kaḥ,surānandaḥ,siddha,pādaś ca,,carpaṭiḥ,pūjya,nityanātho,{},ca,ciṃcilī,vāsukī,nāgarodhaś ca,prasādataḥ,saṃsāra,śrama,āśrayo yaṃ,haṭho mataḥ,yuktānām,ādhāraḥ,kamaṭho,yathā,viṭapaṃ,yitaṃ,sāṃdravimalaṃ,niḥśeṣa,bādhoghitaṃ,vedikūparuciraṃ,mārgaṃ samabhyaset,atyāhāra,ṣaḍbhir yogo,vinaśyati,niścayād dhairyāt,jñānasya darśanāt,yogaḥ prasidhyati,tatkuryād āsanaṃ,sthairye,pāṭavaṃ,kathyante,pādatale ubhe,pracakṣate,caiva,gomukhaṃ tathā
N21,rājasaudham,yoginā,vidyopadiśyate,rājayogam,ajānatām,kṛpākaraḥ,svātmārāmo,śrīādinātha,śābarā,siddha,buddhaś ca,koraṃtakaḥ,surānandaḥ,siddha,pādaś ca,,carpaṭiḥ,pūjya,nityanātho,kākacaṇḍīśvarāvayaḥ,ca,tiṇṭiṇī,bālukī,nāgabodhaś ca,prasādataḥ,saṃsāra,tāpa,āśrayo yaṃ,mato haṭhaḥ,jātānām,ādhāra,kaṃato,haṭhaḥ,piṭhakaṃ,yataṃ,liptavimalaṃ,niḥśeṣa,bādhojjitam,vedikūparuciraṃ,eva sadābhyaset,atyāhāra,ṣaḍbhir yogā,vinaśyati,.. .. hasādvairyāt,jñānā ccaniścajāj,yogaḥ prasidhyati,tatkuryād āsanaṃ,sthairyam,pāṭavaṃ,kathyante,pādatale ubhe,pracakṣate,'pi,gomukhaṃ yathā
N22,rājasaukham,yoginī,vidyopadiśyate,rājayogam,jānanaṃ,kṛpākaraḥ,svātmārāmo,śrīādinātha,śābarā,sidha,nudhaś ca,pauraṃṭaka,surānanda,siddha,pādaś ca,{},carpaṭiḥ,pūrva,nityanātho,{},{},{},{},{},{},{},{},{},{},{},{},{},{},{},{},{},{},{},{},evaṃ samabhyaset,atyāhāra,ṣaḍbhir yogo,vinaśyatiḥ,nikhilādhairyā,jñānāc ca darśanāt,yogo prasidhyati,tatkuryād āsanaṃ,dhairyyaṃ,pāṭavaṃ,kathyate,pādātalau ubhau,tracakṣyate,{},{}
N23,rājasaudha,yoginā,vidyopadiśyate,rājamārgam,ajānatām,kṛpākaraḥ,svātmārāmo,śrīādinātha,śābarā,siddha,buddhaś ca,koraṃtakaḥ,surānandaḥ,siddha,pādaś ca,,carppaṭiḥ,pūjya,nityanātho,kākacaṇḍīśvarāhvayaḥ,ca,tīṭiṇi,bhānuki,nāgabodhaś ca,prasādataḥ,saṃsāra,tāpa,samāśraya,maṭho haṭhaḥ,jagatām,ādhāra,kamaṭho,haṭhaḥ,piṭhikaṃ,yataṃ,liptamamalaṃ,niḥśeṣa,jaṃbhūdgitāṃ,vedikūparuciraṃ,eva samabhyaset,atyāhāraḥ,ṣaḍbhir yogaḥ,vinaśyati,sāhasād vairyāt,jñānāc ca niścayāt,yyogaḥ prasidhyati,tatkuryād āsanaṃ,sthairyam,lāghavaṃ,kathyante,pādātale śubhe,pracakṣyate,ca,gomukhākṛtiḥ
N24,rājayogam,yoginā,vidyopadiśyate,rājayogam,ajānatām,kṛpākaraḥ,svātmārāmo,śrīādinātha,śāradā,siddhar,cuddhaś ca,kauraṇṭakaḥ,śurānaṃdaḥ,siddhi,pādaś ca,,carpaṭi,pūjya,nityanātho,kākacaṃḍiśvarāhayaḥ,ca,ṭiṇṭiṇī,bhālukir,nā .. .. .. ś ca,prabhāvataḥ,saṃsāra,tāpa,samāśraya,nago haṭhaḥ,jātānām,ādhāra,kamaṭho,haṭhaḥ,viṭharaṃ,yataṃ,liptavimalaṃ,niḥśeṣa,jaṃtajjhitaṃ,vedikūparucitaṃ,evaṃ samabhyaset,atyāhāraḥ,ṣaḍbhir yogo,vinaśyati,sāhasād dhairyāt,jñānāc ca niścayāt,yogaḥ prasidhyatiḥ,tatkuryād āsanaṃ,sthairyam,lāghavaṃ,vakṣyante,pādatale ubhe,pracakṣate,tu,gomukhākṛti
N25,rājasaudham,dhīmatā,vidyopadṛśyate,rājayogam,ajānataḥ,kṛpāparaḥ,ātmārāmo,śrīādinātha,śāradā,siddha,buddhaś ca,pauraṇḍakaḥ,surānandaḥ,siddha,pādaś ca,,carpaṭī,pūjya,bilvanātho,kākacaṇḍīśvarādayaḥ,gha,ṭiṭiṇiḥ,bālakīr,nāgabodhaś ca,prabhāvataḥ,saṃsāra,śrama,śamāśraya,maṭho haṭhaḥ,jagatānam,ādhāraḥ,kamaṭho,haṭhaḥ,pīṭhaṃran,pitaṃ,liptavimalaṃ,niḥśeṣa,jaṃturjjitaṃ,,eva sadābhyaset,alpāhāraḥ,ṣaḍbhir yogair,vinaśyati,sāhasād dhairyāt,jñānād viniścayāt,yoga prasidhyati,kuryāt tathāsanaṃ,dhairyyaṃ,lāccataṃ,vakṣyate,pādatale ubhe,pracakṣate,ca,gomukhaṃ yathā
N26,{},{},{},{},{},{},{},śrīādinātha,sāgarā,viddhir,buddhiś ca,paurarāṭikaḥ,surānandaḥ,siddha,pādaś ca,,carpaṭī,pūjya,nityanātho,{},ca,ciṃcilī,vāsukī,nāgarodhaś ca,prasādataḥ,saṃsāra,tāpa,āśramo yaṃ,haṭho mataḥ,yuktānām,ādhāraḥ,kamaṭho,yathā,viṭapaṃ,pitaṃ,liptavimalaṃ,niḥśeṣa,bādhojjhitam,vedikūparuciraṃ,mārgaṃ samabhyaset,atyāhāraḥ,ṣaḍbhir yogo,vinaśyati,niścayād dhairyāt,jñānāc ca darśanāt,yogaḥ prasidhyatiḥ,tatkuryād āsanaṃ,sthairyam,pāṭavam,kathyante,pādatale ubhe,pracakṣyate,caiva,gomukhaṃ tathā
N3,rājasaudham,yoginā,vidyopadiśyate,rājamārgam,ajānatām,kṛpākaraḥ,svātmārāmo,śrīādinātha,śābarā,siddha,buddhiś ca,goraṃṭaka,surānanda,siddha,pādaś ca,,carpaṭi,pūjya,nityanātho,kākacaṃdeśvarogayaḥ,ca,ṭiṇṭiṇiḥ,bhāluki,nami auḍḍīśa,prabhāvataḥ,saṃsāra,tāpa,samaśra,prathamo haṭhaḥ,{},{},{},{},piṭhakaṃ,yataṃ,liptavimalaṃ,nidoṣi,jpaṃtpūpsitaṃ,vedikūparuciraṃ,eva sadābhyaset,alpāhāro,ṣaḍbhir yogo,vinaśyati,niścayād dhairyāt,jñānāc ca darśanāt,yogaḥ prasidhyati,tat kuryād āsana,sthairyam,pāṭavaṃ,kathyante,pādatale ubhe,pracakṣate,'pi,gomukhaṃ yathā
N4a,rājayogam,yoginā,vidyopadiśyate,rājayogam,ajānatām,kṛpākaraḥ,svātmārāmo,śrīādinātha,śābarā,śuddha,buddhaś ca,koraṇḍakaḥ,surānandaḥ,siddha,pādaś ca,,carpaṭiḥ,pūjya,nityanātho,kākacaṇḍīśvarāhvayaḥ,ca,ṭiṇṭiṇiḥ,bhālukī,nāgadevaś ca,prabhāvataḥ,aśeṣa,tāpa,samāśraya,maṭho haṭhaḥ,yuktānām,ādhāra,kamaṭho,haṭhaḥ,vivaraṃ,yataṃ,liptamamalaṃ,niḥśeṣa,jantūjjhitam,kūpavediruciraṃ,{},atyāhāraḥ,ṣaḍbhir yogo,vinaśyati,sāhasād dhairyāt,jñānāc ca niścayāt,yogaḥ prasidhyati,kuryāt tad āsanaṃ,sthairyam,lāghavaṃ,kathyante,pādatale ubhe,pracakṣate,'pi,gomukhākṛti
N5,rājasaudham,dhīmatā,vidyopadiśyate,rājayogam,ajānataḥ,kṛpāparaḥ,ātmārāmo,śrīādināthāya,śāradaḥ,siddha,buddhaś ca,pauraṃṭhakaḥ,surānandaḥ,siddha,pādaś ca,,carpaṭīḥ,pūjya,bilvanātho,kākacaṇḍisurādayaḥ,gha,ṭiṇṭiṇīḥ,vālakir,nāgabodhaś ca,prabhāvataḥ,saṃsāra,tāpa,samāśraya,maṭho haṭhaḥ,jagatām,ādhāra,kamaṭho,haṭhaḥ,piṭhiraṃ,ryataṃ,liptavimalaṃ,niḥśeṣa,jantūhritaṃ,vedikūparacitaṃ,eva sadābhyaset,atyāhāra,ṣaḍbhir yogo,vinaśyati,sāhasād dhairyāt,jñānād viniścayāt,yogaḥ prasidhyati,tatkuryād āsanaṃ,sthairyam,lāghavaṃ,vakṣyante,pādatale ubhe,pracakṣate,tu,gomukhaṃ yathā
N6,rājayogam,yoginā,yogopadiśyate,rājayogam,ajānatām,kṣamākaraḥ,svātmārāmo,ādināthādi,śābarā,śuddha,buddhaś ca,pauraṇṭakaḥ,surānandaḥ,siddha,pādaś ca,,carppaṭiḥ,pūjya,dhvaninātho,kākacaṇḍīśvarādayaḥ,ca,ṭiṇṭiṇiḥ,bhālukī,nāgabodhaś ca,prabhāvataḥ,saṃsāra,śrama,āśrayo yaṃ,haṭho mataḥ,jagatām,ādhāraḥ,kamaṭho,haṭhaḥ,piṭharaṃ,yitaṃ,liptamamalaṃ,nirdoṣa,bādhojjhitam,vedikūparacitaṃ,evaṃ samabhyaset,atyāhāraḥ,ṣaḍbhir yogaḥ,ca naśyati,niścayād dhairyāt,jñānāc ca darśanāt,yogaś ca sidhyati,kuryāt tad āsanaṃ,tasmād,lāghavaṃ,kathyante,pādatale ubhe,pracakṣate,'pi,gomukhaṃ tathā
N9,rājayogam,yoginā,yogopadiśyate,rājayogam,ajānatām,kṣamākaraḥ,svātmārāmo,ādināthādi,sāgarā,śuddha,buddhaś ca,prauraṇṭakaḥ,surānandaḥ,siddha,pādaś ca,,carppaṭiḥ,pūrva,sidhvaniddhanātho,kākacaṇḍīścarādayaḥ,ca,ṭiṃṭinī ciṃciṇīḥ,vāsukī,nāgabodhaś ca,prabhāvataḥ,saṃsāra,śrama,āśrayo yaṃ,haṭho mataḥ,yuktānām,ādhāra,kamaṭho,haṭhaḥ,viṭapaṃ,yitaṃ,liptamamalaṃ,nirdoṣa,vāhyojhitaḥ,vedikaparaciraṃ,evaṃ samaṃbhiset,atyāhāraḥ,ṣaḍbhi yogaś,ca naśyati,niścayād dhairyāt,jñānāc ca darśanāt,yoga prasiddhati,kurjāsa tad āsanaṃ,tasmād,pāṭavaṃ,kathaṃte,pādatale ubhe,pracakṣate,'pi,gomukhaṃ yathā
O1,rājasaudham,yoginā,vidyopadiśyate,rājamārgam,ajānatām,krapākaraḥ,svātmārāmo,śrīādinātha,śāradā,siddha,buddhaś ca,koraṃṭaka,surānanda,siddha,buddhaś,,carpaṭiḥ,pūjya,nityanātho,kākacaṇḍīśvaro mayaḥ,ca,ṭiṇṭiṇīḥ,bhālukir,nāma bodhiś ca,prasādataḥ,saṃsāra,tāpa,samāśraya,mato haṭhaḥ,vijñāna,sarva,siddhi,pradāyakaḥ,puṭitaṃ,yataṃ,lepavimalaṃ,niḥśeṣa,bādhotsitaṃ,vedikoparuciraṃ,eva sadābhyaset,atyāhāraḥ,ṣaḍbhir yogo,vinaśyati,niścayād dhairyāt,jñānāc ca darśanāt,yogaḥ prasidhyati,tat kuryād āsana,sthairyam,pāṭavaṃ,kathyante,pādatale ubhe,pracakṣate,tu,gomukhākṛtiḥ
O1pc,rājasaudham,yoginā,vidyopadiśyate,rājamārgam,ajānatām,krapākaraḥ,svātmārāmo,śrīādinātha,śāradā,siddha,buddhaś ca,koraṃṭaka,surānanda,siddha,buddhaś,,carpaṭiḥ,pūjya,nityanātho,kākacaṇḍīśvaro mayaḥ,ca,ṭiṇṭiṇīḥ,bhālukir,nāma bodhiś ca,prasādataḥ,saṃsāra,tāpa,samāśraya,mato haṭhaḥ,vijñāna,sarva,siddhi,pradāyakaḥ,puṭitaṃ,yataṃ,lepavimalaṃ,niḥśeṣa,bādhotsitaṃ,vedikūparuciraṃ,eva sadābhyaset,atyāhāraḥ,ṣaḍbhir yogo,vinaśyati,niścayād dhairyāt,jñānāc ca darśanāt,yogaḥ prasidhyati,tat kuryād āsana,sthairyam,pāṭavaṃ,kathyante,pādatale ubhe,pracakṣate,tu,gomukhākṛtiḥ
O2,rājasaudham,dhīmatā,yogopadiśyate,rājayogam,ajānataḥ,kṛpāparaḥ,ātmārāmo,śrīādinātha,śāradā,siddha,buddhaś ca,{},{},{},{},{},{},pūjya,bilvanātho,kākacaṇḍīśvarādayaḥ,gha,ṭiṇṭhiniḥ,bālukir,nāgabodhaś ca,prabhāvataḥ,saṃsāra,tāpa,śamāśraya,maṭho haṭhaḥ,jagatām,ādhāraḥ,kamaṭho,haṭhaḥ,piṭharaṃ,yitaṃ,liptavimalaṃ,niśśeṣa,jantūjjhitam,vedikūparacitaṃ,eva sadābhyaset,atyāhāraḥ,ṣaḍbhir yogo,vinaśyati,sāhasād dhairyāt,jñānād viniścayāt,yogaḥ prasidhyati,tatkuryād āsanaṃ,sthairyam,lāghavaṃ,vakṣyante,pādatale ubhe,pracakṣate,tu,gomukhaṃ yathā
Tue,rājayogam,yoginā,vidyopadiśyate,rājayogam,ajānatām,kṛpākaraḥ,svātmārāmo,śrīādinātha,sāvarā,śuddha,buddhaś ca,koraṇṭakaḥ,surānandaḥ,siddha,pādaś ca,,carpaṭiḥ,pūjya,nityanātho,kākacaṇḍīśvarāhvayaḥ,ca,ṭiṇṭiṇiḥ,bhālukī,nārādevaś ca,prabhāvataḥ,aśeṣa,tāya,samāśraya,maṭho haṭhaḥ,yuktānām,ādhāra,kamaṭho,haṭhaḥ,vivaraṃ,yataṃ,liptamamalaṃ,niḥśeṣa,jantūjjhitam,vedikūparuciraṃ,eva samabhyaset,atyāhāraḥ,ṣaḍbhir yogo,vinaśyati,sāhasād dhairyāt,jñānāc ca niścayāt,yogaḥ prasidhyati,kuryāt tad āsanaṃ,sthairyam,lāghavaṃ,kathyante,pāde tale ubhe,pracakṣate,'pi,gomukhākṛti
V1,rājayogam,yoginā,vidyopadiśyate,rājayogam,ajānatām,kṛpākaraḥ,svātmārāmo,śrīādināthādi,śābarā,suddha,buddhaś ca,pauraṇṭakaḥ,surānandaḥ,siddhi,pādaś ca,,carpaṭī,pūrya,nityanātho,kākacaṇḍīśvarāhvayaḥ,ca,ṭiṇṭiṇī,bhālukī,nāgabodhaś ca,prabhāvataḥ,saṃsāra,tāpa,samāśrayo,haṭho maṭhaḥ,jagatīm,ādhāre,kahaṭho,maṭhaḥ,sahitaṃ,yutaṃ,liptam abijaṃ,niḥśeṣa,bāndhojjhitam,vedikūparucitaṃ,evaṃ samabhyaset,atyāhāraḥ,ṣaḍbhir yogaḥ,prahāsyati,niścayadhairyāt,jñānāc ca darśanāt,yogas tu sidhyati,tatkuryād āsanaṃ,sthairyam,pāṭavaṃ,likhyante,pādatale ubhe,pracakṣate,'pi,gomukhaṃ yathā
V11,rājayogam,yoginā,yogaḥ pradṛśyate,rājayogam,ajānatām,kṣamākaraḥ,svātmārāmo,ādināthādi,śābarā,śuddha,buddhaś ca,pauraṇḍakaṃ,surānandaḥ,siddha,pādaś ca,,carpaṭaḥ,pūrva,ninātho,kākacaṇṭīdayākaraḥ,la,tiṇṭinī,bhālukā,nāgabodhaś ca,prasādataḥ,saṃsāra,śrama,āśrayo yaṃ,haṭho mataḥ,jagatām,ādhāraḥ,kamaṭho,haṭhaḥ,puṭitaṃ,yataṃ,liptamamalaṃ,niḥśeṣa,vātojjhitaṃ,vedikūparacite,evaṃ samabhyaset,atyāhāraḥ,ṣaḍbhir yogaḥ,na sidhyati,niścayāt dhairyyāt,jñānāś ca darśanāt,yogaś ca sidhyati,kuryāt tad āśanaṃ,tasmāt,pāṭavaṃ,kathyante,pādatale ubhe,pracakṣyate,'pi,gomukhaṃ tathā
V12,rājayogam,yogināṃ,yogopadiśyate,rājayogam,ajānatām,kṣamākaraḥ,svātmārāmo,++dināthāya,śābarā,śuddha,+ddhaś ca,pauraṇṭakaḥ,surānandaḥ,siddha,pādaś ca,,ca+a.iḥ,pūrva,svaninātho,kākacaṇḍīśvarādayaḥ,ca,ṭiṭiṇī,bhānukā,nāgabodhaś ca,prabhāvataḥ,saṃsāra,śrama,āśrayo yaṃ,haṭho mataḥ,jagatām,ādhāraḥ,kamaṭho,haṭhaḥ,viṭapaṃ,yitaṃ,liptamamalaṃ,nirdoṣa,bādhojjhitam,vedikūparacitaṃ,evaṃ samabhyaset,atyāhāraḥ,ṣaḍbhir yogo,vinaśyati,niśca++dhyairāt,jñānāc ca darśanāt,yogaś ca sidhyati,kuryāt tad āsanaṃ,tasmād,pāṭavaṃ,kathyante,pādatale ubhe,pracakṣate,'pi,gomukhaṃ yathā
V13,rājasaudham,yoginā,vidyopadiśyate,rājayogam,ajānatām,kṛpākaraḥ,svātmārāmo,ādināthādi,śābarā,śuddha,buddhaś ca,koraṇṭakaḥ,surānandaḥ,siddha,pādaś ca,,carpaṭī,pūjya,nityanātho,kākacaṇḍīśvarāhvayaḥ,ca,ṭiṇṭiṇīḥ,bhālukī,nāgabodhaś ca,prabhāvataḥ,saṃsāra,śrama,āśrayo yaṃ,haṭho mataḥ,yuktānām,ādhāraḥ,kamaṭho,haṭhaḥ,viṭapaṃ,yitaṃ,liptavimalaṃ,niḥśeṣa,bādhojjhitam,vedikūparuciraṃ,evaṃ sadābhyaset,atyāhāraḥ,ṣaḍbhir yogo,vinaśyati,niścayād dhairyāt,jñānāc ca darśanāt,yogaḥ prasidhyati,tat kuryād āsana,sthairyam,lāghavaṃ,kathyante,pādatale ubhe,pracakṣate,'pi,gomukhākṛtiḥ
V14,rājasaudham,yoginā,yogopadiśyate,rājamārgam,ajānatām,kṣamākaraḥ,svātmārāmo,śrīādinātha,śābarā,siddho,buddhaś ca,kauraṇṭakaḥ,surānandaḥ,siddha,pādaś ca,,carppaṭī,pūjya,nityānaṃdo,kākacaṇḍīśvaro mayaḥ,ca,ḍhiḍhiviḥ,bhālukī,nāgabodhaś ca,prasādataḥ,saṃsāra,tāpa,samāśraya,mato haṭhaḥ,jātānām,ādhāras,tu mato,haṭhaḥ,piṭhake,tpite,liptavimalaṃ,niḥśeṣa,bādho .itaṃ,vedikābhiruciraṃ,eva sadābhyaset,atyāhāra,ṣaḍbhir yogo,vinaśyati,niścayād dhairyā,jñānāc ca darśanāt,yogaḥ prasidhyati,tatkuryād āsanaṃ,sthairyam,pāṭavaṃ,kathyante,padatale ubhe,vidur budhāḥ,'pi,gomukhākṛtiḥ
V15,rājasaudham,dhīmatā,vidyopadiśyate,rājayogam,ajānataḥ,kṛpākaraḥ,svātmārāmo,śrīādinātha,sāgarā,siddha,buddhaś ca,koraṇḍakaḥ,surānandaḥ,śrī,pādaś ca,caiva,carpaṭiḥ,pūjya,nityanātho,kākacaṇḍīśvarāhvayaḥ,ca,ciṃciṇīḥ,vāsukī,nāgabodhaś ca,prabhāvataḥ,saṃsāre,tāpa,samāśraya,mahāmaṭhaḥ,jagatām,ādhāra,kamaṭho,haṭhaḥ,piṭakaṃ,vṛtaṃ,liptavimalaṃ,niḥśeṣa,jantūjjhitam,kūpavediruciraṃ,eva sadābhyaset,atyāhāra,ṣaḍbhir yoge,vinaśyati,niścayād dhairyāt,jñānāc ca darśanāt,yogaḥ prasidhyati,tat kuryād āsane,sthairya,lāghavaṃ,kathyante,pādatale ubhe,pracakṣate,'pi,gomukhaṃ yathā
V15pc,rājasaudham,dhīmatā,vidyopadiśyate,rājayogam,ajānataḥ,kṛpākaraḥ,svātmārāmo,śrīādinātha,sāgarā,siddha,buddhaś ca,koraṇḍakaḥ,surānandaḥ,śrī,pādaś ca,caiva,carpaṭiḥ,pūjya,nityanātho,kākacaṇḍīśvarāhvayaḥ,ca,ciṃciṇīḥ,vāsukī,nāgabodhaś ca,prabhāvataḥ,saṃsāre,tāpa,samāśraya,mahāmaṭhaḥ,yuktānām,ādhāra,traividya,haṭhaḥ,piṭakaṃ,vṛtaṃ,liptavimalaṃ,niḥśeṣa,jantūjjhitam,kūpavediruciraṃ,eva sadābhyaset,atyāhāra,ṣaḍbhir yoge,vinaśyati,niścayād dhairyāt,jñānāc ca darśanāt,yogaḥ prasidhyati,tat kuryād āsane,sthairya,lāghavaṃ,kathyante,pādatale ubhe,pracakṣate,'pi,gomukhaṃ yathā
V16,rājayogam,yoginā,yogopadiśyate,rājayogam,ajānatā,kṣṛpākaraḥ,svātmārāmo,ādināthādi,sāvanā,śuddha,buddhaś ca,pauraṇṭakaḥ,surānandaḥ,siddha,pādaś ca,,carpaṭiḥ,pūrva,{},kākacaṇḍīśvarādayaḥ,ca,ṭiṇṭiṇiḥ,bhālukā,nāma bodhaś ca,prabhāvataḥ,saṃsāra,śrama,āśrayo yaṃ,haṭho mataḥ,yuktānām,ādhāraḥ,kamaṭho,haṭhaḥ,viṭapaṃ,yitaṃ,liptamamalaṃ,nirdoṣa,bādhokṣitaṃ,vedikūparacitaṃ,evaṃ samabhyaset,atyāhāraḥ,ṣaḍbhir yogaś,ca naśyati,niścayād dhairyāt,jñānāc ca darśanāt,yogaḥ prasidhyati,kuryāt tad āsanaṃ,tasmād,pāṭavaṃ,kathyate,pādatale ubhe,pracakṣyate,'pi,gomukhaṃ tathā
V16pc,rājayogam,yoginā,yogopadiśyate,rājayogam,ajānatā,kṣṛpākaraḥ,svātmārāmo,ādināthādi,sāvanā,śuddha,buddhaś ca,pauraṇṭakaḥ,surānandaḥ,siddha,pādaś ca,,carpaṭiḥ,pūrva,{},kākacaṇḍīśvarādayaḥ,ca,ṭiṇṭiṇiḥ,bhālukā,nāma bodhaś ca,prabhāvataḥ,saṃsāra,śrama,āśrayo yaṃ,haṭho mataḥ,yuktānām,ādhāraḥ,kamaṭho,haṭhaḥ,viṭapaṃ,yitaṃ,liptamamalaṃ,nirdoṣa,bādhojjhitam,vedikūparacitaṃ,evaṃ samabhyaset,atyāhāraḥ,ṣaḍbhir yogaś,ca naśyati,niścayād dhairyāt,jñānāc ca darśanāt,yogaḥ prasidhyati,kuryāt tad āsanaṃ,tasmād,pāṭavaṃ,kathyate,pādatale ubhe,pracakṣyate,'pi,gomukhaṃ tathā
V17,rājayogam,yoginā,vidyopadiśyate,rājayogam,ajānatām,kṛpākaraḥ,svātmārāmo,śrīādinātha,sāgarī,śuddha,buddhiś ca,pauraṇṭakaḥ,surānandaḥ,siddha,pādaś ca,,carppaṭī,pūja,nityanātho,kākacaṇḍīśvarādayaḥ,ca,ciṃcinī,vāsukī,nāgabodhiś ca,prasādataḥ,saṃsāra,śrama,āśrayo yaṃ,haṭho mataḥ,yuktānām,ādhāraḥ,kamaṭho,haṭhaḥ,viṭapaṃ,yitaṃ,liptavimalaṃ,niḥśeṣa,bādhojjhitam,vedikūparuciraṃ,mārgaṃ samabhyaset,atyāhāraḥ,ṣaḍbhir yogo,vinaśyati,niścayād dhairyā,jñānāc ca sāhasāt,yogo hi siddhyati,tatkuryād āsanaṃ,sthairyam,pāṭavaṃ,kathyante,pādatale ubhe,pracakṣate,ca,tayā
V18,rājayogam,yoginā,yogopadiśyate,rājayogam,ajānatām,kṣapākaraḥ,svātmārāmo,ādināthādi,śābarā,śuddha,buddhaś ca,pauraṇḍakaḥ,surānandaḥ,siddha,pādaś ca,,carppaṭiḥ,pūrva,dhvaninātho,kākacaṇḍīśvarādayaḥ,ca,ṭiṇṭiṇiḥ,bhālukī,nāgabodhaś ca,prabhāvataḥ,saṃsāra,śrama,āśrayo yaṃ,haṭho mataḥ,yuktānām,ādhāraḥ,kamaṭho,haṭhaḥ,viṭapaṃ,yitaṃ,liptamamalaṃ,nirdoṣa,bādhojjhitam,vedikūparacitaṃ,evaṃ samabhyaset,atyāhāraḥ,ṣaḍbhir yogaś,ca naśyati,niścayād dhairyāt,jñānāc ca darśanāt,yogas tu sidhyati,kuryāt tad āsanaṃ,tasmād,pāṭavaṃ,kathyante,pādatale ubhe,pracakṣate,'pi,gomukhaṃ yathā
V19,rājasaudham,dhīmatā,vidyopadiśyate,rājayogam,ajānataḥ,kṛpāparaḥ,ātmārāmo,śrīādinātha,śāradā,siddha,buddhaś ca,{},{},{},{},{},{},pūjya,bilvanātho,kālacaṃḍīsvarādayaḥ,sa,ṭiṇṭiniḥ,vālukir,nāgarodhaś ca,prabhāvataḥ,saṃsāra,tāpa,samāśraya,mato haṭhaḥ,jagatām,ādhāraḥ,kamaṭho,haṭhaḥ,piṭharaṃ,yataṃ,liptamamalaṃ,niḥśeṣa,jantūjjhitam,vedikūparacitaṃ,eva sadābhyaset,atyāhāra,ṣaḍbhir yogo,vinaśyati,sāhasād dhairyāt,jñānād viniścayāt,yogo prasidhyati,tat kuryād āsana,sthairyam,loghavaṃ,vakṣyante,pādatale ubhe,pracakṣate,tu,gomukhaṃ yathā
V2,rājasaudham,yoginā,vidyopadiśyate,rājayogam,ajānatām,kṛpākaraḥ,svātmārāmo,śrīādinātha,śāradā,siddha,buddhiś ca,kauraṃḍīkaḥ,surānanda,siddha,pādaś ca,,carpaṭī,pūjya,nityanātho,kākacaṇḍīśvarādayaḥ,ca,ṭiṇṭiṇī,bhālukī,nāgabodhaś ca,prabhāvataḥ,saṃsāra,tāpa,samāśrayaṃ,maṭho haṭhaḥ,jagatām,ādhāraḥ,kamaṭho,yathā,ghaṭitaṃ,sānaṃ,liptavimalaṃ,niśeṣa,bādhojjhitam,vedikūparuciraṃ,eva sadābhyaset,atyāhāraḥ,ṣaḍbhir yogo,vinaśyati,niścayād dhairyāt,jñānāya darśanāt,yogaḥ prasidhyati,tat kuryād āsana,sthairyam,pāṭavaṃ,kathyante,pādatale ubhe,pracakṣate,'pi,gomukhaṃ yathā
V21,rājasaudham,dhīmatā,vidyopadisyate,rājayogam,ajānataḥ,kṛpākaraḥ,ātmārāmo,śrīādinātha,śāradā,siddha,ś ca,{},{},{},{},{},{},pūjya,nityanātho,kākacaṇḍīśvarādayaḥ,caiva,tiṃṭaṇī,bhulukī,nāgadevaś ca,prabhāvataḥ,aśeṣa,tāpa,samāśrayaḥ,mate haṭhaḥ,yuktānām,ādhāra,kamaṭho,haṭhaḥ,paṭitaṃ,yataṃ,liptasamalaṃ,niśeṣa,vātojjhitaṃ,vedikūparuciraṃ,eva sadābhyaset,atyāhāraḥ,ṣaḍbhir yogo,vinaśyati,sāhasād dhairyāt,jñānāddhiniścayaḥ,yogaḥ prasidhyati,tatkuryād āsanaṃ,sthairyam,lāghavāṃ,vakṣyate,pādatale ubhe,pracakṣate,'pi,gomukhākṛti
V22,rājayogam,yoginā,vidyopadiśyate,rājayogam,ajānatām,kṛpākaraḥ,svātmārāmaḥ,śrīādinātha,śābarā,śuddha,buddhaś ca,koraṇṭakaḥ,surānandaḥ,siddha,pādaś ca,,carpaṭiḥ,pūjya,nityanātho,kākacaṇḍīśvarā .. ..ḥ,ca,ṭiṇṭiṇiḥ,bhālukī,nāgadevaś ca,prabhāvataḥ,aśeṣa,tāpa,samāśraya,maṭhā haṭaḥ,.. .. .. .,ādhāra,kamaṭho,haṭaḥ,vivaraṃ,.. .ṃ,liptamamalaṃ,niś. ..,jaṃtū .. .. ta[ṃ],vedikūparuciraṃ,{},atyāhāraḥ,ṣaḍbhir yogaḥ,vina..,nāhasāt dhyairnāt,jñā.. .aniścayāt,yogaḥ ..sidhyati,kuryāt tad āsanaṃ,sthairyam,lāghavaṃ,kathyante,pādatale ubhe,pracakṣate,'pi,gomukhākṛti
V25,rājayogam,yoginā,vidyopadiśyate,rājayogam,ajānataḥ,kṛpākaraḥ,svātmārāmo,śrīādinātha,sāvarā,siddha,nāthaś ca,kauraṇḍakaḥ,surānanda,siddha,pādaś ca,,carpaṭiḥ,pūjya,nityanātho,kākacaṇḍeśvarāhayāḥ,ce,ṭindriniḥ,bhālukī,nāgabodhaś ca,prasādataḥ,aśeṣa,tāpa,samāśraya,haṭhakramaḥ,yuktānām,ādhārāya,kṛto,haṭhaḥ,paṭikaṃ,yataṃ,liptavimalaṃ,niḥśeṣa,vātobhutaṃ,vedikopararuciraṃ,eva sadābhyaset,atyāhāra,ṣaḍbhir yoga,vinaśyati,sāhasād dhairyā,jñānāc ca niścayāt,yogaś ca siddhati,tatkuryād āsanaṃ,sthairyam,sambhavam,kathyante,pādatale ubhe,pracakṣyate,'pi,gomukhākṛtiḥ
V26,rājasaudham,yoginā,vidyā prakāśyate,rājamārgam,ajānataḥ,nirañjanaḥ,ātmārāmo,śrīādinātha,sāvadā,śuddha,buddhiś ca,kauraṇḍakaḥ,surānandaḥ,siddha,pādaś ca,,carpaṭiḥ,pūjya,nityanātho,kākaguṇḍīśvarāhvayaḥ,ca,ciṃcilī,vāsuki,nāgadevaś ca,prabhāvataḥ,saṃsāra,tāpa,samāśraya,mato haṭhaḥ,vijñāna,sarva,siddhi,pradāyakaḥ,puṭitaṃ,tmakaṃ,liptavimalaṃ,niḥśeṣa,bodhekṣitaṃ,kūpavediracitaṃ,evaṃ sadābhyaset,atyāhāraḥ,ṣaḍbhir yogaḥ,praṇaśyati,niścayau dhairyyaṃ,jñānaṃ ca niścalam,yogaḥ prasidhyati,tatkuryād āsanaṃ,pūrvam,pāṭavaṃ,kathyante,pādatale ubhe,pracakṣyate,'pi,gomukhākṛtiḥ
V28,rājasaudham,dhīmatā,vidyopadiśyate,rājayogam,ajānataḥ,kṛpākaraḥ,ātmārāmo,śrīādinātha,śāradā,siddha,buddhaś ca,pauraṇḍakaḥ,sarānanda,siddha,pādaś ca,,carpaṭiḥ,pūjya,biścanātho,kākacaṃdīśvarogayaḥ,gha,tīṭīṇī,bāluko,nāgabodhaś ca,prabhāvataḥ,saṃsāra,tāpa,āśrayo yaṃ,ato haṭhaḥ,jātānām,ādhāraḥ,kuḍalī,yathā,piṭiraṃ,yataṃ,liptavimalaṃ,niḥśeṣa,jantūjjhitam,vedikāvirācitaṃ,eva sadābhyaset,atyāhāraḥ,ṣaḍbhir yogo,vinaśyati,sahasād dhairyāt,jñānāc ca niścayāt,yogaḥ prasidhyati,kuryāt tad āsanaṃ,tasmād,pāṭavaṃ,vakṣyante,pādatale ubhe,pracakṣate,ca,gomukhaṃ yathā
V3,rājayogam,yoginā,vidyopadiśyate,rājayogam,ajānatām,prakāśyate,svātmārāmo,śrīādinātha,sāgarā,siddha,buddhiś ca,pauraṇṭakaḥ,surānanda,siddha,pādaś ca,,carppaṭiḥ,pūjya,nityanātho,kākacaṇḍīśvarādayaḥ,ca,ciṃciṇī,vāsukir,nāgabodhaś ca,prasādataḥ,saṃsārā,śrama,āśrayo yaṃ,haṭho mataḥ,yuktānām,ādhāraḥ,kamaṭho,haṭhaḥ,viṭapaṃ,yataṃ,liptavimalaṃ,niḥśeṣa,bādhojjhitam,vedikūparuciraṃ,mārgaṃ samabhyaset,ātmāhāraḥ,ṣaḍbhir yogo,vinaśyati,niścayād dhairyāt,jñānā ca darśanāt,yogaḥ prasidhyati,tat kuryād āsana,skairyam,pāṭavaṃ,kathyante,pādatale ubhe,pracakṣate,'pi,gomukhaṃ tathā
V4,rājayogam,yoginā,yogopadiśyate,rājayogam,ajānatām,kṣamākaraḥ,svātmārāmo,ādināthādi,śābarā,śuddha,buddhaś ca,pauraṇṭakaḥ,surānandaḥ,siddha,pādaś ca,,carppaṭiḥ,pūrvva,dhvaninātho,kākacaṇḍīśvarādayaḥ,ca,ṭiṇṭiṇaḥ,bhālukī,nāma bodhaś ca,prabhāvataḥ,saṃsāra,śrama,āśrayo yaṃ,haṭho mataḥ,jatām,ādhāraḥ,kamaṭho,haṭhaḥ,viṭapaṃ,pitaṃ,liptamamalaṃ,nirdoṣa,bādhojjhitam,vedikūparacitaṃ,evaṃ samabhyaset,atyāhāraḥ,ṣaḍbhir yogo,vinaśyati,niścayād dhairyāt,jñānāc ca darśanāt,yogas tu sidhyati,kuryāt tad āsanaṃ,tasyād,pāṭavaṃ,kathyante,pādatale ubhe,pracakṣate,'pi,gomukhaṃ tathā
V5,rājasaudham,dhīmatā,vidyopadiśyate,rājayogam,ajānataḥ,kṛpākaraḥ,svātmārāmo,śrīādinātha,sāradā,yogī,buddhaś ca,{},{},{},{},{},{},pūjya,nityanātho,kākacaṇḍīśvarādayaḥ,ca,ṭiṇṭiṇiḥ,bhālukir,nāgabodhaś ca,prabhāvataḥ,saṃsāra,tāpa,samāśraya,maṭho haṭhaḥ,jagatām,ādhāra,kaṃ maṭho,haṭha,vivara,pitaṃ,liptavimaṭaṃ,niḥśeṣa,jaṃtanvitaṃ,vedikūparacitaṃ,eva sadābhyaset,atyāhāraḥ,ṣaḍbhir yogo,vinaśyati,sāhasād dhairyāt,jñānād viniścayāt,yogaḥ prasidhyati,tatkuryād āsanaṃ,sthairyam,lāghavāṃ,vakṣyante,pādatalpanaṃ ubhe,pracakṣate,tu,gomukhaṃ yathā
V6,rājayogam,yoginā,vidyopadiśyate,rājayogam,ajānatā,kṛpākaraḥ,svātmārāmo,ādināthāś ca,śācarā,siddho,buddhaś ca,pauraṇḍakaḥ,surānandaḥ,siddha,pādaś ca,,carppaṭī,pūrva,dhvaninātho,kākacaṇḍīśvarādayaḥ,ca,tiṇṭaṇi,bhāluko,vānabodhaś ca,prabhāvataḥ,saṃsāra,tāpa,āśrayo yaṃ,haṭho mataḥ,yuktānām,ādhārai,kahaṭho,maṭhaḥ,piṭharaṃ,pittaṃ,liptamamalaṃ,nirdoṣa,vātaṃ jitaṃ,vedikūparacitaṃ,evaṃ samabhyaset,atyāhāra,ṣaḍbhir yogaś,ca naśyati,niścayādhairyāt,jñānāc ca darśanāt,yogas tu sidhyati,kuryāt tad āsanaṃ,tasmād,lāghavaṃ,kathyante,pādatale ubhe,pracakṣate,na,gomukhākṛtiḥ
V8,rājayogar,yoginā,yogopadiśyate,rājayogam,ayānatāṃ,kṛpākaraḥ,svātmārāmo,ādināthādi,śābarā,suddho,buddhaś ca,kāhapauraṇṭaka,surānandaḥ,siddhā,pādaś ca,,carpaṭi,pūjya,nityanātho,kāṃkāṃcaṃdrisvarādayaḥ,ca,ciṃciṇi,vāsuki,nāgaboś ca,adhaprasādataḥ,saṃsāra,tāpa,samāśrayo,maho haṭho mata,tantrāṇām,ādhāre,kamaṭho,haṭhaḥ,vaṭhipaṃ maṭhikaṃ,yata,kābhiramalaṃ,niḥśeṣa,vātovyutaṃ,vedikopirācitaṃ,eva samabhyaset,atyāhāra,ṣaḍbhaḥ yogoś cate,vinaśyati,niścayoṃ dhairyāt,nārthadarsanāṃga,yogas tu prasidhyati,stvakuryād āsanaṃ tat,asmāt,lāghavaṃ,vakṣante,pādataleś ca ubhe,pracakṣate,'pi,ca cicakṣate
Vu,rājayogam,yoginā,vidyopadiśyate,rājayogam,ajānatām,kṛpākaraḥ,svātmārāmo,śrīādinātha,śābarā,siddhir,buddhaś ca,koraṇṭakaḥ,surānandaḥ,siddha,pādaś ca,,carpaṭiḥ,pūjya,nityanātho,kākacaṇḍīśvarāhvayaḥ,ca,ṭiṇṭiṇiḥ,bhānukī,nāradevaś ca,prabhāvataḥ,aśeṣa,tāpa,samāśraya,maṭho haṭhaḥ,yuktānām,ādhāra,kamaṭho,haṭhaḥ,vivaraṃ,yataṃ,liptamamalaṃ,niḥśeṣa,jantūjjhitam,vedikūparuciraṃ,eva samabhyaset,atyāhāraḥ,ṣaḍbhir yogo,vinaśyati,sāhasād dhairyāt,jñānāc ca niścayāt,yogaḥ prasidhyati,kuryāt tad āsanaṃ,sthairyam,lāghavaṃ,kathyante,pādatale ubhe,pracakṣate,'pi,gomukhākṛtiḥ
YC,rājasaudham,yoginā,vidyopadiśyate,rājayogam,ajānatām,kṛpākaraḥ,svātmārāmo,śrīādinātha,śābarā,siddha,buddhaś ca,pauraṇṭakaḥ,surānandaḥ,siddha,pādaś ca,,carpaṭiḥ,pūjya,nityanātho,kākacaṇḍīśvarādayaḥ,ca,,bhālukī,nāgabodhaś ca,prabhāvataḥ,saṃsāra,tāpa,samāśraya,haṭho mataḥ,jagatām,ādhāra,kamaṭho,haṭhaḥ,ghaṭitaṃ,yitaṃ,liptavimalaṃ,niḥśeṣa,jantūjjhitam,kūpavediracitaṃ,eva sadābhyaset,atyāhāraḥ,ṣaḍbhir yogaḥ,praṇaśyati,sāhasād dhairyāt,jñānād viniścayāt,yogaḥ prasidhyati,tat kuryād āsana,sthairyam,lāghavaṃ,vakṣyante,pādatale ubhe,pracakṣate,'pi,gomukhaṃ yathā
